urlkey,group_id,count
computer-programming,16967362,205
newtech,16967362,181
data-visualization,16967362,168
opensource,16967362,166
big-data,16967362,139
data-analytics,16967362,139
softwaredev,16967362,132
startup-businesses,16967362,103
hiking,16967362,100
web-development,16967362,94
data-mining,16967362,92
technology,16967362,92
webdesign,16967362,92
outdoors,16967362,91
technology-startups,16967362,82
python,16967362,80
livemusic,16967362,74
javascript,16967362,72
data-science,16967362,68
predictive-analytics,16967362,65
cloud-computing,16967362,60
fitness,16967362,58
machine-learning,16967362,58
mobile-development,16967362,58
entrepreneurship,16967362,57
art,16967362,56
diningout,16967362,55
mobile-technology,16967362,54
travel,16967362,53
intellectual-discussion,16967362,52
html5,16967362,50
web,16967362,49
prodev,16967362,48
science,16967362,47
coffee,16967362,45
business-strategy,16967362,43
edtech,16967362,43
happy-hours,16967362,42
user-experience,16967362,42
music,16967362,40
movies,16967362,39
bike,16967362,37
creative,16967362,37
functional-programming,16967362,35
walkers,16967362,34
businessintell,16967362,33
diy,16967362,33
camping,16967362,32
wine,16967362,32
leadership,16967362,31
performing-arts,16967362,31
big-data-analytics,16967362,30
excercise,16967362,30
fun-times,16967362,30
game-night,16967362,29
ai,16967362,28
linux,16967362,28
meditation,16967362,28
photo,16967362,28
bookclub,16967362,27
dating-and-relationships,16967362,27
foodie,16967362,27
games,16967362,27
graphicdesign,16967362,27
lean-startup,16967362,27
nosql,16967362,27
programming-languages,16967362,27
r-project-for-statistical-computing,16967362,27
language,16967362,26
wellness,16967362,26
young-professionals,16967362,26
musicians,16967362,25
self-improvement,16967362,25
social,16967362,25
applied-statistics,16967362,24
cardgame,16967362,24
creative-writing,16967362,24
javascript-frameworks,16967362,24
adventure,16967362,23
hadoop,16967362,23
witi,16967362,23
cooking-any-and-all-kinds-of-cooking,16967362,22
css,16967362,22
database-development,16967362,22
gaming,16967362,22
outdoor-fitness,16967362,22
r-users-group,16967362,22
beer,16967362,21
communication-skills,16967362,21
craftswap,16967362,21
boston-artists,16967362,20
dance-lessons,16967362,20
dancing,16967362,20
reading,16967362,20
geeks-nerds,16967362,19
internet-startups,16967362,19
seo-search-engine-optimization,16967362,19
weekend-adventures,16967362,19
20s-30s-social,16967362,18
board-games,16967362,18
film,16967362,18
healthy-living,16967362,18
java,16967362,18
literature,16967362,18
online-marketing,16967362,18
social-dancing,16967362,18
business-entrepreneur-networking,16967362,17
business-networking,16967362,17
concerts,16967362,17
professional-networking,16967362,17
pubs-bars,16967362,17
science-fiction,16967362,17
sustainability,16967362,17
conversation,16967362,16
innovation,16967362,16
live-theatre,16967362,16
recipes,16967362,16
writing,16967362,16
backpacking,16967362,15
community-building,16967362,15
critical-thinking,16967362,15
environment,16967362,15
international-travel,16967362,15
ixd,16967362,15
outdoor-adventures,16967362,15
philosophy,16967362,15
sports,16967362,15
amazon-web-services,16967362,14
arduino,16967362,14
collaboration-between-creative-minds,16967362,14
cycling,16967362,14
jquery,16967362,14
learning,16967362,14
nonprofit,16967362,14
php,16967362,14
ruby,16967362,14
scifi,16967362,14
videogame,16967362,14
young-professional-singles,16967362,14
android-developers,16967362,13
computer-science,16967362,13
eating-drinking-talking-laughing-etc,16967362,13
mapreduce,16967362,13
publicspeaking,16967362,13
ux-design,16967362,13
community-service,16967362,12
culture-exchange,16967362,12
education,16967362,12
film-and-video-production,16967362,12
gardening,16967362,12
hacking,16967362,12
high-scalability-computing,16967362,12
poetry,16967362,12
robotics,16967362,12
salsa,16967362,12
self-empowerment,16967362,12
spirituality,16967362,12
webstandards,16967362,12
digcam,16967362,11
fiction,16967362,11
geek,16967362,11
makers,16967362,11
mysql,16967362,11
psychology,16967362,11
recreational-sports,16967362,11
scala,16967362,11
social-media,16967362,11
atheists,16967362,10
gis,16967362,10
healthy-eating,16967362,10
ia,16967362,10
nodejs,16967362,10
ruby-on-rails,16967362,10
storytelling,16967362,10
trivia,16967362,10
wholefood,16967362,10
art-walks-and-tours,16967362,9
clojure,16967362,9
cms,16967362,9
cooking-dinner-parties,16967362,9
docfilm,16967362,9
electronics,16967362,9
mathematics,16967362,9
non-fiction,16967362,9
social-justice,16967362,9
women,16967362,9
3d-modeling,16967362,8
architecture,16967362,8
aws,16967362,8
consciousness,16967362,8
dance-and-movement,16967362,8
engineering,16967362,8
fashion-and-style,16967362,8
french,16967362,8
getting-organized,16967362,8
handmade-crafts,16967362,8
investing,16967362,8
latin-dance,16967362,8
mapping,16967362,8
nature-photography,16967362,8
newintown,16967362,8
parents,16967362,8
professional-singles,16967362,8
skeptics,16967362,8
social-entrepreneurship,16967362,8
test-automation,16967362,8
usability,16967362,8
vegan,16967362,8
agile-project-management,16967362,7
chinese-culture,16967362,7
classical,16967362,7
critique-group,16967362,7
databasepro,16967362,7
dog-walks,16967362,7
drumcircle,16967362,7
esl,16967362,7
freethinker,16967362,7
independent-filmmakers,16967362,7
journalism,16967362,7
knitting,16967362,7
math,16967362,7
movie-nights,16967362,7
museum,16967362,7
nature,16967362,7
painting,16967362,7
productdesign,16967362,7
pyladies,16967362,7
selenium,16967362,7
self-exploration,16967362,7
spanish,16967362,7
spatial-data,16967362,7
statistical-consulting,16967362,7
strategy-games,16967362,7
writing-workshops,16967362,7
alternativeenergy,16967362,6
angularjs,16967362,6
animals,16967362,6
astronomy,16967362,6
chess,16967362,6
cognitive-science,16967362,6
couples,16967362,6
craft-beer,16967362,6
cultural-activities,16967362,6
datamanagement,16967362,6
digital-marketing,16967362,6
drupal,16967362,6
esri,16967362,6
html,16967362,6
humanism,16967362,6
indiefilm,16967362,6
ios-development,16967362,6
jvm-languages,16967362,6
kayaking,16967362,6
latino-culture,16967362,6
natural-language-processing,16967362,6
novel-writing,16967362,6
people-helping-people,16967362,6
php-application-development,16967362,6
physics,16967362,6
pickupsoccer,16967362,6
rockclimbing,16967362,6
roleplaying-games-rpgs,16967362,6
screenwriters,16967362,6
singles,16967362,6
small-business-marketing-strategy,16967362,6
software-qa-and-testing,16967362,6
weightloss,16967362,6
yoga,16967362,6
acoustic-music,16967362,5
acting,16967362,5
animation,16967362,5
authors,16967362,5
aws-design-implementation-and-servicing,16967362,5
django,16967362,5
draw,16967362,5
gamedev,16967362,5
gaypros,16967362,5
girls-night-out,16967362,5
indoor-rock-climbing,16967362,5
information-technology,16967362,5
jazz,16967362,5
landscape-photography,16967362,5
lgbtfriends,16967362,5
local-activities,16967362,5
modeling,16967362,5
newcareer,16967362,5
nutrition,16967362,5
offleash,16967362,5
photography-classes,16967362,5
playgroup,16967362,5
quality-assurance,16967362,5
running,16967362,5
soccer,16967362,5
socialnetwork,16967362,5
space,16967362,5
spiritual-growth,16967362,5
statistical-computing,16967362,5
trail-running,16967362,5
virtualization,16967362,5
volunteering,16967362,5
web-analytics,16967362,5
wordpress,16967362,5
activism,16967362,4
alternative-medicine,16967362,4
asianpros,16967362,4
ballroomdance,16967362,4
beer-lovers,16967362,4
brunch,16967362,4
content-strategy,16967362,4
courses-and-workshops,16967362,4
data-journalism,16967362,4
deep-learning,16967362,4
distributed-systems,16967362,4
dogs,16967362,4
ec2,16967362,4
executive-coaching,16967362,4
farmersmarket,16967362,4
game-design,16967362,4
go,16967362,4
go-programming-language,16967362,4
golang,16967362,4
google-analytics,16967362,4
green-living,16967362,4
guitar,16967362,4
homeremodel,16967362,4
infographics,16967362,4
ios,16967362,4
italian,16967362,4
knowledge-sharing,16967362,4
lampsoftware,16967362,4
lgbt-social-group,16967362,4
local-food,16967362,4
microcontroller,16967362,4
mongodb,16967362,4
motivation,16967362,4
mountain-biking,16967362,4
movies-in-movie-theaters,16967362,4
neuroscience,16967362,4
open-data,16967362,4
open-mic,16967362,4
permaculture,16967362,4
professional-women,16967362,4
projectmgmt,16967362,4
renewable-energy,16967362,4
russian,16967362,4
sailing,16967362,4
scala-programming,16967362,4
singers,16967362,4
software-engineering,16967362,4
song-writing,16967362,4
speed-dating,16967362,4
statistical-education,16967362,4
statistics-and-data-analysis,16967362,4
tableau,16967362,4
travel-photography,16967362,4
venture-capital,16967362,4
weekend-getaways,16967362,4
women-programmers,16967362,4
young-entrepreneur,16967362,4
accent-reduction,16967362,3
agnostic,16967362,3
android,16967362,3
billiards,16967362,3
biotechnology,16967362,3
book-writing,16967362,3
bouldering,16967362,3
business-analytics,16967362,3
canoe,16967362,3
cardmaking,16967362,3
cassandra,16967362,3
chinese-language,16967362,3
churchandstate,16967362,3
coed-soccer,16967362,3
collaboration,16967362,3
college-students,16967362,3
comedy,16967362,3
community,16967362,3
computer-graphics,16967362,3
conscious-movement,16967362,3
cooking-classes,16967362,3
culture,16967362,3
data-analysis,16967362,3
dinner,16967362,3
dinner-and-a-movie,16967362,3
dinner-and-drinks,16967362,3
dotnet,16967362,3
dv,16967362,3
electronic-dance-music,16967362,3
entertain,16967362,3
esl-practice,16967362,3
evolution,16967362,3
front-end-development,16967362,3
gay,16967362,3
gay-and-lesbian-friends,16967362,3
gay-singles,16967362,3
geographic-information-systems-gis,16967362,3
geolocation,16967362,3
geology,16967362,3
geospatial,16967362,3
green-entrepreneurs,16967362,3
hanging-out,16967362,3
haskell,16967362,3
hispanicpros,16967362,3
independent-game-development,16967362,3
information-security,16967362,3
it-professionals,16967362,3
lawofattraction,16967362,3
libertarian,16967362,3
life-sciences,16967362,3
lifetransform,16967362,3
localpolitics,16967362,3
locals-new-in-town,16967362,3
makerspaces,16967362,3
motorcycle-touring,16967362,3
nightlife,16967362,3
nude-photography,16967362,3
objective-c,16967362,3
organic-foods,16967362,3
outdoor-soccer,16967362,3
pets-animals,16967362,3
php-framework,16967362,3
portland-or,16967362,3
quantified-self,16967362,3
rawfood,16967362,3
real-estate-investors,16967362,3
ria,16967362,3
road-cycling,16967362,3
role-playing-games-rpgs,16967362,3
russian-culture,16967362,3
saas-software-as-a-service,16967362,3
semweb,16967362,3
sensors,16967362,3
singles-30s-50s,16967362,3
small-business-owners,16967362,3
social-media-marketing,16967362,3
socratescafe,16967362,3
software-quality,16967362,3
sportsfans,16967362,3
sql,16967362,3
support,16967362,3
surfing,16967362,3
tabletop-role-playing-and-board-games,16967362,3
tennis,16967362,3
ui-design,16967362,3
vegetarian,16967362,3
vintage,16967362,3
visualization,16967362,3
webcomm,16967362,3
womens-empowerment,16967362,3
wordpress-customization,16967362,3
3d-artists,16967362,2
3d-printing,16967362,2
active-parents,16967362,2
activities,16967362,2
africanmusic,16967362,2
algorithmic-trading,16967362,2
all-forms-of-javascript,16967362,2
alternative-lifestyles,16967362,2
android-development-training,16967362,2
angular,16967362,2
animalrights,16967362,2
anime,16967362,2
apache-spark,16967362,2
artificial-intelligence-applications,16967362,2
artificial-intelligence-machine-learning-robotics,16967362,2
aws-programming-and-tools,16967362,2
backcountry-skiing,16967362,2
badminton,16967362,2
basics-of-iphone-app-development,16967362,2
beach,16967362,2
bicycle-touring,16967362,2
bilingual-spanish-english,16967362,2
bitcoin,16967362,2
blogs,16967362,2
bollywood-films,16967362,2
bouldering-and-rock-climbing,16967362,2
bowling,16967362,2
britcoms,16967362,2
buddhist,16967362,2
bunco,16967362,2
burningman,16967362,2
career-network,16967362,2
charity-events,16967362,2
christianmin,16967362,2
clubbing,16967362,2
coffee-lovers,16967362,2
coffee-tea-while-knitting,16967362,2
cognitive-neuroscience,16967362,2
collage,16967362,2
community-gardening,16967362,2
communityorg,16967362,2
confidence-and-self-esteem,16967362,2
conservation,16967362,2
content-development,16967362,2
content-management,16967362,2
continuous-deployment,16967362,2
continuous-integration,16967362,2
cosplay,16967362,2
coursera-org,16967362,2
creative-freelancers,16967362,2
crocheting,16967362,2
csharp,16967362,2
css3,16967362,2
cultural-diversity,16967362,2
currentevents,16967362,2
data,16967362,2
data-analysis-and-modeling,16967362,2
dating-over-35,16967362,2
devops,16967362,2
digital-media,16967362,2
dog-play-groups,16967362,2
drinking,16967362,2
drones,16967362,2
ecommerce-technology,16967362,2
economics,16967362,2
ecstatic-dance,16967362,2
elasticsearch,16967362,2
emerging-robotic-technologies,16967362,2
energy-healing,16967362,2
english-language,16967362,2
espanol,16967362,2
expat-french-french-speakers,16967362,2
expatfrench,16967362,2
exploring-new-restaurants,16967362,2
f-programming,16967362,2
families,16967362,2
filmind,16967362,2
fine-arts,16967362,2
founders,16967362,2
freedom,16967362,2
french-culture,16967362,2
functional-programming-in-python,16967362,2
futureofnews,16967362,2
gay-friends,16967362,2
geography,16967362,2
german,16967362,2
getting-started-with-python,16967362,2
girlfriends,16967362,2
girls-having-fun,16967362,2
golfing,16967362,2
google,16967362,2
google-technology-user-group,16967362,2
graph-databases,16967362,2
group-singing,16967362,2
hbase,16967362,2
healthy-kids,16967362,2
html-xhtml-css-javascript,16967362,2
human-sexuality,16967362,2
illustration,16967362,2
indian-culture,16967362,2
indianmusic,16967362,2
internetpro,16967362,2
intlrel,16967362,2
ipad,16967362,2
iphone,16967362,2
italian-culture,16967362,2
jam-sessions,16967362,2
japanese-language,16967362,2
java-virtual-machine,16967362,2
javascript-libraries,16967362,2
job-search,16967362,2
karaoke,16967362,2
latinmusic,16967362,2
lesbian-social-networking,16967362,2
lgbt-friendly,16967362,2
lgbtq,16967362,2
linux-user-group,16967362,2
machine-intelligence,16967362,2
mandarin-language,16967362,2
marketing,16967362,2
medmarijuana,16967362,2
men,16967362,2
mentoring-someone,16967362,2
metaphysics,16967362,2
mindfulness-in-nature,16967362,2
mobile-marketing,16967362,2
moms,16967362,2
motorcycle-riding,16967362,2
mountaineering,16967362,2
multicultural,16967362,2
music-production,16967362,2
music-technology,16967362,2
nature-walks,16967362,2
neural-networks,16967362,2
nflfootball,16967362,2
open-source-hardware,16967362,2
open-source-python,16967362,2
partying,16967362,2
philosophy-ethics-politics-and-religion,16967362,2
philosophy-of-mind,16967362,2
politics,16967362,2
portuguese,16967362,2
potluck,16967362,2
presentations,16967362,2
proaudio,16967362,2
programming,16967362,2
programming-in-r,16967362,2
python-web-development,16967362,2
quantum-physics,16967362,2
readers,16967362,2
russians,16967362,2
salesforce,16967362,2
salsa-dance-lessons,16967362,2
scrabble,16967362,2
seakayaking,16967362,2
seniors,16967362,2
smallbiz,16967362,2
smart-sensors,16967362,2
snowboard,16967362,2
space-science,16967362,2
spark,16967362,2
sportbikes,16967362,2
sqlserver,16967362,2
staying-active-and-fit,16967362,2
survivalism,16967362,2
sustainable-energy,16967362,2
taichi,16967362,2
test-driven-development,16967362,2
thriftshoppers,16967362,2
trading,16967362,2
trans-gender-queer-queer-and-queer-friendly-peeps,16967362,2
tv,16967362,2
uav,16967362,2
udacity,16967362,2
urban-gardening,16967362,2
vegan-potlucks-and-dineouts,16967362,2
wilderness,16967362,2
wine-and-food,16967362,2
winter-sports,16967362,2
womens-business-networking,16967362,2
wordpress-plugins,16967362,2
wordpress-themes,16967362,2
writersblock,16967362,2
_type_-theory,16967362,1
20s-and-30s,16967362,1
20s-social,16967362,1
2d-animation,16967362,1
3d-animation,16967362,1
4x4-trails,16967362,1
4x4s,16967362,1
academics,16967362,1
accessibility,16967362,1
accounting,16967362,1
acoustic-guitar,16967362,1
activedogs,16967362,1
adobe-illustrator,16967362,1
adobe-user-group,16967362,1
adrenaline-junkies,16967362,1
adrenaline-seekers,16967362,1
adult-amateur-pianists,16967362,1
aerial-cinematography,16967362,1
affiliate-marketing,16967362,1
agile-programming-and-python,16967362,1
agile-testing,16967362,1
ai-algorithms,16967362,1
ajax,16967362,1
algorithms,16967362,1
all-things-mad-men-tv-twitter-real-life,16967362,1
allthingsindie,16967362,1
american-sign-language-classes,16967362,1
angel-investors,16967362,1
animalrescue,16967362,1
animalwelfare,16967362,1
anthropology,16967362,1
anxiety-support,16967362,1
apple-mobile-device-application-development,16967362,1
application-development,16967362,1
applied-math,16967362,1
aquaponics,16967362,1
argentine-tango,16967362,1
artificial-intelligence-programming,16967362,1
asian-americans,16967362,1
asian-culture,16967362,1
asian-food,16967362,1
asl,16967362,1
asl-sign-languages,16967362,1
asp-net,16967362,1
asp-net-mvc,16967362,1
asteriskpbx,16967362,1
astrobiology,16967362,1
astrophysics,16967362,1
asynchronous-programming,16967362,1
audio,16967362,1
audiophile,16967362,1
autism,16967362,1
automated-trading-strategies,16967362,1
automation,16967362,1
automotive,16967362,1
b2b-networking,16967362,1
baking,16967362,1
bassethound,16967362,1
battlestargalactica,16967362,1
bay-area,16967362,1
bcs,16967362,1
bee-keeping,16967362,1
beer-and-food-pairing,16967362,1
beer-making,16967362,1
beer-tasting,16967362,1
beginner-guitar,16967362,1
beginner-html-css,16967362,1
beginner-php-programming,16967362,1
beginner-piano,16967362,1
beginner-web-developer,16967362,1
behavioral-science,16967362,1
bernese,16967362,1
best-practices-for-high-performance-ecommerce,16967362,1
bhakti-yoga,16967362,1
bidwhist,16967362,1
big-data-hadoop,16967362,1
big-data-in-hi-tech-manufacturing,16967362,1
bike-night,16967362,1
bikepacking,16967362,1
bioinformatics,16967362,1
biology,16967362,1
birdwatching,16967362,1
bisexual-friends,16967362,1
bisexual-women,16967362,1
blender-3d,16967362,1
boating,16967362,1
boxing,16967362,1
brain,16967362,1
brainstorming-problem-solving,16967362,1
brazil,16967362,1
brazilian-culture,16967362,1
brazilian-portuguese,16967362,1
brooklyn,16967362,1
bsd,16967362,1
buffy,16967362,1
business-intelligence-best-practices,16967362,1
business-referral-networking,16967362,1
business-transformation,16967362,1
businessactivist,16967362,1
c-c,16967362,1
cafe-racer,16967362,1
cakephp,16967362,1
cars,16967362,1
cartography,16967362,1
casual-bicycling,16967362,1
category-theory,16967362,1
ceramic,16967362,1
cfa-exam-preparation,16967362,1
cg-artists,16967362,1
charcuterie,16967362,1
charity,16967362,1
cheap-drinks,16967362,1
cheese-making,16967362,1
chess-class-for-beginners,16967362,1
chess-education,16967362,1
chess-event,16967362,1
chess-improvement,16967362,1
chess-meeting-space,16967362,1
chess-tutorials,16967362,1
chicago,16967362,1
childrenrights,16967362,1
cigars,16967362,1
cinema-and-movies,16967362,1
city-walks,16967362,1
civic-engagement-technology,16967362,1
civic-hacking,16967362,1
civil-engineering,16967362,1
classic-motorcycles,16967362,1
classical-piano,16967362,1
clothing-optional-recreation,16967362,1
co-ed-adult-sports-league,16967362,1
co-ed-ultimate-frisbee,16967362,1
cob,16967362,1
cocoa,16967362,1
code-for-america,16967362,1
coffee-and-chat,16967362,1
coffee-and-contacts,16967362,1
coffee-and-jazz-mixer-networking-group,16967362,1
coffee-books,16967362,1
coffee-roasting,16967362,1
coffee-shops,16967362,1
coffeehouse-chess,16967362,1
cognos,16967362,1
cognos-tm1,16967362,1
comics,16967362,1
computer,16967362,1
computer-programing,16967362,1
computer-vision,16967362,1
configuration-management,16967362,1
conservative-and-libertarian-politics,16967362,1
console-gaming,16967362,1
consultant,16967362,1
content-marketing,16967362,1
continous-integration,16967362,1
conversazione-in-italiano,16967362,1
coreos,16967362,1
corona-sdk,16967362,1
costume,16967362,1
costumemake,16967362,1
cougar-women,16967362,1
cougar-women-events,16967362,1
cougars,16967362,1
cougars-and-cubs,16967362,1
cpa-exam-study,16967362,1
creativecircle,16967362,1
cribbage,16967362,1
cross-country-mountain-biking,16967362,1
cross-dressing,16967362,1
cross-platform-development,16967362,1
crossfit,16967362,1
crossfit-training,16967362,1
crossfitters,16967362,1
crowdsourcing,16967362,1
cryptocurrency,16967362,1
cryptography,16967362,1
css-next,16967362,1
css4,16967362,1
cuda,16967362,1
customer-development,16967362,1
customer-experience,16967362,1
customer-experience-management,16967362,1
d20,16967362,1
d3-js,16967362,1
dance,16967362,1
dance-fitness,16967362,1
dance-music,16967362,1
dart-language,16967362,1
data-science-using-python,16967362,1
data-warehousing,16967362,1
database-integration-migrations,16967362,1
debates,16967362,1
declutter,16967362,1
democrat,16967362,1
denniskucinich,16967362,1
depression,16967362,1
design-thinking,16967362,1
deutsch,16967362,1
diabetes,16967362,1
digital-audio-workstations,16967362,1
digital-currency,16967362,1
digital-journalism,16967362,1
digital-marketing-strategy,16967362,1
digital-publishing,16967362,1
digitalart,16967362,1
dinosaurs,16967362,1
discovering-new-places,16967362,1
distributed-computing,16967362,1
distributed-programming-in-java,16967362,1
diybio,16967362,1
dj-events,16967362,1
djs,16967362,1
dnd,16967362,1
docker,16967362,1
dog-parks,16967362,1
dogrescue,16967362,1
dogtraining,16967362,1
dreamweaver,16967362,1
drupal-users,16967362,1
drwho,16967362,1
dungeons-dragons-3-5,16967362,1
dutch-oven-cooking,16967362,1
e-commerce-business,16967362,1
e-commerce-internet-marketing,16967362,1
e-learning-systems,16967362,1
earth-building,16967362,1
east-coast-transplants,16967362,1
ebizowners,16967362,1
eco-conscious,16967362,1
ecology,16967362,1
ecommerce-marketing,16967362,1
elearning,16967362,1
electronicmusic,16967362,1
embedded-linux,16967362,1
embedded-systems,16967362,1
embedded-systems-programming,16967362,1
ember-js,16967362,1
energy,16967362,1
energy-efficiency,16967362,1
english-pronunciation,16967362,1
entertainment,16967362,1
entp,16967362,1
entrepreneurship-education,16967362,1
environmental-awareness,16967362,1
environmental-mapping-and-gis,16967362,1
enviropros,16967362,1
epic-boardgames,16967362,1
epistemology,16967362,1
equestrian,16967362,1
equestrian-camping,16967362,1
equestrian-trail-riding,16967362,1
erlang-programming,16967362,1
erlang-workshops,16967362,1
erp-software,16967362,1
esoteric-philosophy,16967362,1
esperanto,16967362,1
ethics,16967362,1
ethnic-food,16967362,1
Euro-games,16967362,1
eurofootball,16967362,1
european-culture,16967362,1
evernote,16967362,1
evolution-of-consciousness,16967362,1
exam-preparation,16967362,1
exchangestud,16967362,1
existentialist-philosophy,16967362,1
expat,16967362,1
expatchinese,16967362,1
expatgerman,16967362,1
expatitalian,16967362,1
expatnewzealander,16967362,1
expatrussian,16967362,1
exploring-the-outdoors,16967362,1
expressionengine,16967362,1
extreme-sports,16967362,1
extreme-weather,16967362,1
fabric-crafts,16967362,1
facebook,16967362,1
facebook-marketing,16967362,1
fashion,16967362,1
fatherhood,16967362,1
fathersrights,16967362,1
film-festivals,16967362,1
finance,16967362,1
financialeng,16967362,1
firefly,16967362,1
fireperformers,16967362,1
fitness-boot-camp,16967362,1
flash-mobs,16967362,1
folk,16967362,1
food-and-drink,16967362,1
food-justice,16967362,1
foraging,16967362,1
force-com,16967362,1
foreign-films,16967362,1
foreign-language,16967362,1
fossils,16967362,1
four-hour-workweek,16967362,1
francophone-culture,16967362,1
freebsd,16967362,1
freedom-from-religion,16967362,1
freelance,16967362,1
french-conversation-workshops,16967362,1
french-language-friends,16967362,1
frenchbulldog,16967362,1
frugalliving,16967362,1
fsharp,16967362,1
fun-and-laughter,16967362,1
fundraising,16967362,1
furniture-design,16967362,1
futbol,16967362,1
future,16967362,1
futures-trading,16967362,1
game-monetization,16967362,1
gameprog,16967362,1
gamification,16967362,1
gay-male-social-group,16967362,1
gay-men,16967362,1
gay-mens-social-group,16967362,1
gay-single-men,16967362,1
gaycouples,16967362,1
gayrights,16967362,1
gemstones,16967362,1
genetics,16967362,1
geology-adventures,16967362,1
german-conversation,16967362,1
german-culture,16967362,1
gettingthingsdone,16967362,1
girl-develop-it,16967362,1
gluten-intolerant,16967362,1
gluten-sensitive,16967362,1
google-dart,16967362,1
google-developer-group,16967362,1
graph-theory,16967362,1
green,16967362,1
green-building,16967362,1
greenhome,16967362,1
gridcomputing,16967362,1
group-fitness-training,16967362,1
gtug,16967362,1
gui,16967362,1
hair-styling,16967362,1
halo,16967362,1
handcrafted-soaps,16967362,1
happiness,16967362,1
healing-with-horses,16967362,1
health-wellness-and-image,16967362,1
healthcare-big-data,16967362,1
hebrew,16967362,1
help-for-business-startups,16967362,1
helping-non-profits,16967362,1
high-performance-computing,16967362,1
hiking-with-your-dog,16967362,1
hindi,16967362,1
hispanicdems,16967362,1
historic-buildings,16967362,1
hive,16967362,1
home-brewing,16967362,1
home-office-and-telecommuting-professionals,16967362,1
homebrew,16967362,1
homeschool,16967362,1
hondabikes,16967362,1
horse-education,16967362,1
horse-enthusiasts,16967362,1
horse-lovers,16967362,1
horse-riding,16967362,1
hot-moms,16967362,1
hot-process-soap,16967362,1
html-5-css3,16967362,1
html-and-css,16967362,1
html-and-css-workshops,16967362,1
html-next,16967362,1
html5-animation,16967362,1
html5-application-development,16967362,1
html5-game-development,16967362,1
html5-gaming,16967362,1
html5-video-codecs,16967362,1
html6,16967362,1
hypnosis,16967362,1
hypnosis-and-hypnotherapy,16967362,1
iaas-infrastructure-as-a-service,16967362,1
ibd,16967362,1
ice-hockey,16967362,1
identity,16967362,1
inddesign,16967362,1
independent-consultant,16967362,1
indie-comics,16967362,1
indoor-soccer,16967362,1
industrial-organizational-psychology,16967362,1
interacial-dating,16967362,1
interior-decorating,16967362,1
international-cuisine,16967362,1
international-development,16967362,1
international-friends,16967362,1
internet-ecommerce,16967362,1
intp,16967362,1
iphone-app-marketing,16967362,1
it-consulting,16967362,1
it-infrastructure,16967362,1
japanese-culture,16967362,1
java-concurrency,16967362,1
java-ee,16967362,1
java-server-side,16967362,1
javascript-animation,16967362,1
javascript-best-practices,16967362,1
jesus-christ,16967362,1
jewish,16967362,1
jewish-singles-and-mingles,16967362,1
jewish-social,16967362,1
jews-and-booze,16967362,1
joss-whedon,16967362,1
journo,16967362,1
jquery-mobile,16967362,1
jquery-ui,16967362,1
json,16967362,1
kickball,16967362,1
kids,16967362,1
kirtan,16967362,1
kiwis-abroad,16967362,1
kiwis-in-portland,16967362,1
knitting-for-beginners,16967362,1
korean,16967362,1
korean-culture,16967362,1
kubernetes,16967362,1
labs,16967362,1
lamp-stack,16967362,1
language-and-culture-exchange,16967362,1
language-exchange,16967362,1
language-translations,16967362,1
latinamerauth,16967362,1
latino-a-professionals,16967362,1
league-of-legends,16967362,1
learn-vim,16967362,1
learning-chinese,16967362,1
learning-drupal,16967362,1
learning-erlang-and-otp,16967362,1
learning-tarot,16967362,1
leisure,16967362,1
leonardcohen,16967362,1
Lesbian,16967362,1
lesbian-friends,16967362,1
lesscss,16967362,1
lets-get-together-and-learn-evernote-together,16967362,1
life-coaching,16967362,1
life-drawing,16967362,1
liferay,16967362,1
lifestyle-design,16967362,1
live-jazz-music,16967362,1
live-music-concerts,16967362,1
living-on-purpose,16967362,1
local-french-language-resources,16967362,1
long-distance-running,16967362,1
longnow,16967362,1
looking-for-chess-enthusiasts,16967362,1
lose-weight-and-feel-great,16967362,1
low-cost-living,16967362,1
mac,16967362,1
manuf,16967362,1
maptime,16967362,1
marionette-js,16967362,1
married-couples,16967362,1
martial,16967362,1
massage-education,16967362,1
massively-multiplayer-online-role-play-games,16967362,1
mathematical-modelling,16967362,1
mathematics-anxiety,16967362,1
mathematics-tutoring,16967362,1
medical-cannabis,16967362,1
medical-devices,16967362,1
medieval-fantasy,16967362,1
meet-and-practice-asl,16967362,1
meet-and-practice-asl-with-others,16967362,1
meet-for-lunches,16967362,1
meetup,16967362,1
mentalill,16967362,1
meteorology,16967362,1
micro-brewed-beer,16967362,1
microfinance,16967362,1
microservices,16967362,1
microsoft-access,16967362,1
microsoft-excel,16967362,1
microstrategy,16967362,1
microstrategy-best-practices,16967362,1
microstrategy-dashboards,16967362,1
midi-controllers,16967362,1
midi-production,16967362,1
midi-sequencing,16967362,1
milfs,16967362,1
mindfulness-meditation,16967362,1
mobile-application-development,16967362,1
mobile-game-development,16967362,1
mobile-html5,16967362,1
mobile-innvoation-forum,16967362,1
mobile-user-experience,16967362,1
mobile-web,16967362,1
model-photography,16967362,1
models,16967362,1
moms-with-double-lives,16967362,1
monetization,16967362,1
monitoring,16967362,1
mothers-over-40,16967362,1
motion-graphics,16967362,1
mountain-bike-skills,16967362,1
movie-making,16967362,1
mozilla,16967362,1
mtf-ftm-transgender,16967362,1
multi-rotor-aircraft,16967362,1
music-theory,16967362,1
mylittlepony,16967362,1
mysql-replication,16967362,1
nanomonthly,16967362,1
nativeamerican,16967362,1
natural-health,16967362,1
natural-horsemanship,16967362,1
natural-organic-living,16967362,1
natural-soap,16967362,1
naturalbuilding,16967362,1
needlework,16967362,1
neighborhood,16967362,1
networking-for-job-seekers,16967362,1
new-dads,16967362,1
new-fathers,16967362,1
new-in-town-singles-couples-friends-men-women,16967362,1
new-parents,16967362,1
new-product-development-software-tech,16967362,1
newly-divorced,16967362,1
newmedia,16967362,1
newurbanism,16967362,1
ninja-html5-authoring-tool,16967362,1
nintendo,16967362,1
non-profit-organizations,16967362,1
noncustodial,16967362,1
northwest-shiba-inus,16967362,1
norwegian,16967362,1
novel-reading,16967362,1
nude-glamour-photography,16967362,1
nvidia,16967362,1
nw-shiba-inu-rescue,16967362,1
ocaml-programming,16967362,1
off-grid-living,16967362,1
older-women-dating-younger-men,16967362,1
older-women-who-date-younger-men,16967362,1
ona,16967362,1
online-retailers,16967362,1
online-trading,16967362,1
online-trading-academy,16967362,1
open-government,16967362,1
open-relationships,16967362,1
opencl,16967362,1
openerp,16967362,1
opensim,16967362,1
openstack,16967362,1
operations-research,16967362,1
options-trading,16967362,1
oracle,16967362,1
oregons-portuguese-and-learning-meetup,16967362,1
organic-farming,16967362,1
organic-gardening,16967362,1
orv,16967362,1
over-50,16967362,1
p90x,16967362,1
paddling,16967362,1
paleontology,16967362,1
paper-crafts,16967362,1
paranormal,16967362,1
paranormal-investigations,16967362,1
paranormal-research,16967362,1
parental-alienation,16967362,1
pathfinder-roleplaying-game,16967362,1
pay-per-click,16967362,1
peace,16967362,1
permaculture-gardens,16967362,1
personal-robots,16967362,1
pet-cats-and-kittens,16967362,1
philanthropy,16967362,1
philosophy-of-mathematics,16967362,1
philosophy-of-science,16967362,1
philosophynow,16967362,1
photoshop,16967362,1
php-html5-nginx-mongodb-linux,16967362,1
php-study-group,16967362,1
php5,16967362,1
piano,16967362,1
piano-performances,16967362,1
pick-up-basketball,16967362,1
pickup-soccer,16967362,1
pirates,16967362,1
plant-based-nutrition,16967362,1
play-framework,16967362,1
playdates-for-horses,16967362,1
playing-chess,16967362,1
playstation,16967362,1
poetic-readings,16967362,1
poker,16967362,1
political-activism,16967362,1
poly-community,16967362,1
poly-curious,16967362,1
polyamorous,16967362,1
polyamory,16967362,1
polyamory-friendly,16967362,1
pool,16967362,1
portland-creative-community,16967362,1
portland-shiba-group,16967362,1
positive-thinking,16967362,1
post-college-life,16967362,1
postgresql,16967362,1
postmodern,16967362,1
pranayama,16967362,1
problem-solving,16967362,1
product-management,16967362,1
product-marketing,16967362,1
productivity,16967362,1
proengineer,16967362,1
programming-with-html-css-php-mysql,16967362,1
pug,16967362,1
qa-professionals,16967362,1
qlikview,16967362,1
quantitative-finance,16967362,1
quants,16967362,1
queer-bi-gay-lesbian-trans,16967362,1
queer-socializing,16967362,1
r-programming-language,16967362,1
rafting,16967362,1
raspberry-pi,16967362,1
rationality-and-reasoning,16967362,1
raw-potlucks,16967362,1
real-estate-investing,16967362,1
real-estate-investment-education,16967362,1
real-madrid-c-f,16967362,1
reddit,16967362,1
redis,16967362,1
redsox,16967362,1
republican,16967362,1
republicans,16967362,1
restful,16967362,1
rockcollecting,16967362,1
rocks-and-minerals,16967362,1
romania,16967362,1
romanian,16967362,1
romanian-culture,16967362,1
romanian-friends,16967362,1
romanian-meetups,16967362,1
ron-paul,16967362,1
ruby-on-rails-3,16967362,1
russian-floridians,16967362,1
russian-language-classes,16967362,1
russkie,16967362,1
rust,16967362,1
sacred-feminine,16967362,1
salesforce-com-and-force-com,16967362,1
salesforce-com-developers,16967362,1
salesforce-com-integration,16967362,1
salesforce-implementation,16967362,1
san-francisco,16967362,1
sass-scss-compass-and-less-what,16967362,1
scala-akka,16967362,1
scala-play-framework,16967362,1
scavenger-hunts,16967362,1
scholastics-chess,16967362,1
sci-fi,16967362,1
sci-fi-reading,16967362,1
science-fiction-fantasy-books,16967362,1
science-of-mind,16967362,1
science-technology-engineering-math,16967362,1
scifiwriting,16967362,1
sealliance,16967362,1
search-engine-marketing,16967362,1
seasonal-foods-and-cooking,16967362,1
seattle-young-professionals-in-tech,16967362,1
secondlife,16967362,1
self-sufficiency,16967362,1
serversidejs,16967362,1
severe-weather,16967362,1
sewing,16967362,1
sexual-education,16967362,1
sexy-cougars,16967362,1
shibainu,16967362,1
shopping,16967362,1
short-films,16967362,1
sign-language,16967362,1
signing-together,16967362,1
single-parent-support-group,16967362,1
single-parties,16967362,1
singles-20s-30s,16967362,1
singles-who-love-horses,16967362,1
skateboarding,16967362,1
skiing,16967362,1
slow-food,16967362,1
small-and-compact-living,16967362,1
small-business-networking,16967362,1
small-house-design,16967362,1
small-house-living,16967362,1
smart-grid,16967362,1
snowshoeing,16967362,1
soap,16967362,1
soap-making,16967362,1
social-activism,16967362,1
social-chess-club,16967362,1
social-chess-evening,16967362,1
social-game-developers,16967362,1
social-good,16967362,1
social-issues,16967362,1
social-media-for-business,16967362,1
social-networking-through-book-reading,16967362,1
software-systems-quality-attributes,16967362,1
software-testing,16967362,1
solar-energy,16967362,1
solo-piano,16967362,1
spiritual-awakening,16967362,1
spoken-word,16967362,1
spreadsheets,16967362,1
square-foot-gardening,16967362,1
stand-up-paddle-boarding,16967362,1
standup,16967362,1
stanford-artificial-intelligence-course-cs-221,16967362,1
stanford-machine-learning-course-cs-229,16967362,1
stargazing,16967362,1
startrek,16967362,1
startup-incubation-and-entrepreneurship-mentors,16967362,1
startup-weekend,16967362,1
starwars,16967362,1
steppers,16967362,1
stock-market-trading-through-proven-strategies,16967362,1
stock-trading,16967362,1
storm-chasing,16967362,1
story-games,16967362,1
strength-conditioning,16967362,1
stress-relief,16967362,1
stroller-fitness,16967362,1
study-group,16967362,1
superhero,16967362,1
support-group-for-new-dads,16967362,1
sustainable-agriculture,16967362,1
sustainable-development,16967362,1
sustainable-farming,16967362,1
sustainable-food-systems,16967362,1
swedish-language,16967362,1
swingdancing,16967362,1
sword-fighting,16967362,1
symfony2,16967362,1
sysadmin,16967362,1
table-tennis,16967362,1
tableau-software,16967362,1
tabletop-games,16967362,1
taekwondo,16967362,1
tai-chi-for-health-longevity,16967362,1
tampa-bay-entrepreneur,16967362,1
tango,16967362,1
tarot,16967362,1
tarot-card-reading,16967362,1
tarot-class,16967362,1
tarot-development,16967362,1
tarot-practice,16967362,1
tarot-readers,16967362,1
tea,16967362,1
technology-professionals,16967362,1
telecommuters,16967362,1
text-analytics,16967362,1
the-4-hour-workweek,16967362,1
theater,16967362,1
therapeutic-riding-horses-horseback-riding,16967362,1
thrill-seekers,16967362,1
thunderstorms,16967362,1
time-management-personal-productivity,16967362,1
time-series-analysis,16967362,1
tiny-homes,16967362,1
tiny-house,16967362,1
tiny-houses,16967362,1
tokyo,16967362,1
toriamos,16967362,1
tornado-chasing,16967362,1
trail-riding,16967362,1
trailblazers,16967362,1
transformation,16967362,1
transgender,16967362,1
transgender-men-and-women,16967362,1
transsexuals,16967362,1
typography,16967362,1
ultimate-frisbee-pickup,16967362,1
ultimatefrisbee,16967362,1
underground-dinners,16967362,1
underscore-js,16967362,1
unmanned-vehicles,16967362,1
urban-bicycling,16967362,1
user-experience-design,16967362,1
user-interface-design,16967362,1
user-research,16967362,1
vampires,16967362,1
vb,16967362,1
vedic-mathematics,16967362,1
vegan-education,16967362,1
vets,16967362,1
vi,16967362,1
vim,16967362,1
vim-plugins,16967362,1
vimrc,16967362,1
vintmotos,16967362,1
virtual-world,16967362,1
visual-basic-for-applications-vba,16967362,1
visual-communication,16967362,1
visual-effects-cg-animation,16967362,1
vmware,16967362,1
vocal-workshops,16967362,1
voice-over-networking,16967362,1
voice-overs,16967362,1
volleyball,16967362,1
wahm,16967362,1
walking-for-health,16967362,1
walking-for-health-and-weight-loss,16967362,1
wamp-windows-mysql-apachie-php,16967362,1
wargames,16967362,1
washington-dc,16967362,1
water-sports,16967362,1
wbasketball,16967362,1
weather,16967362,1
web-application,16967362,1
web-application-development,16967362,1
web-operations,16967362,1
web-performance,16967362,1
web-writing,16967362,1
webcomics,16967362,1
webmasters,16967362,1
website-design,16967362,1
weddings,16967362,1
weight-loss-support,16967362,1
wifi,16967362,1
wild-foods,16967362,1
wilderness-hiking,16967362,1
wine-and-food-pairing,16967362,1
wine-tasting,16967362,1
wireless-sensor-networks,16967362,1
women-equestrian,16967362,1
women-small-business-owners,16967362,1
womens-book-club,16967362,1
womens-mountain-biking,16967362,1
womens-networking,16967362,1
womens-sexuality,16967362,1
woodwork,16967362,1
wordpress-for-business,16967362,1
wordpress-help,16967362,1
wordpress-small-business-web-sites,16967362,1
wordpress-users,16967362,1
workathome,16967362,1
working-parents,16967362,1
world-languages,16967362,1
writing-for-blogs,16967362,1
xbox-360,16967362,1
xc-mountain-biking,16967362,1
xml,16967362,1
young-adult-writers,16967362,1
young-adults,16967362,1
young-couples,16967362,1
younger-men-dating-older-women,16967362,1
youngrepublicans,16967362,1
